url,name,address,city,state,phone
http://www.patriciahmorsecpa.com/,Results,"103 Hanover St #7, Lebanon, NH 03766",Lebanon,NH,(603) 448-4224
http://www.tss-advisors.com/,Results,"19 Morgan Dr, Lebanon, NH 03766",Lebanon,NH,(603) 653-0044
http://www.uppervalleycpa.com/,Results,"31 Old Etna Rd STE N4, Lebanon, NH 03766",Lebanon,NH,(603) 448-6200
https://www.hrblock.com/tax-office-near-me/new-hampshire/lebanon/26671/?otppartnerid=9308&campaignid=pw_mcm_9308_9762&utm_medium=local,Results,"199 Heater Rd, Lebanon, NH 03766",Lebanon,NH,(603) 727-9743
http://www.schiffman.com/,Results,"23 Bank St #2, Lebanon, NH 03766",Lebanon,NH,(603) 448-6655
https://www.cornerstonebalances.com/,Results,"2 S Park St Unit 1, Lebanon, NH 03766",Lebanon,NH,(603) 727-4855
http://www.ampeisch.com/,Results,"24 Airport Rd Ste 402, West Lebanon, NH 03784",West Lebanon,NH,(603) 306-0100
http://www.nathanwechsler.com/,Results,"44 School St, Lebanon, NH 03766",Lebanon,NH,(603) 448-2650
https://doleaccountingservices.com/,Results,"721 Nh Rte 4a, Enfield, NH 03748",Enfield,NH,(603) 632-3980
http://www.check-write.com/,Results,"23 Bank St #1, Lebanon, NH 03766",Lebanon,NH,(603) 727-7600
https://gfc.com/,Results,"85 Mechanic St, Lebanon, NH 03766",Lebanon,NH,(603) 643-0043
https://www.hrblock.com/tax-office-near-me/new-hampshire/west-lebanon/26675/?otppartnerid=9308&campaignid=pw_mcm_9308_9762&utm_medium=local,Results,"94 Main St, West Lebanon, NH 03784",West Lebanon,NH,(603) 298-1000
https://www.cara-tax.com/?utm_source=google&utm_medium=wix_google_business_profile&utm_campaign=13985988839660549689,Results,"14 Riverdale Pkwy, Lebanon, NH 03766",Lebanon,NH,(603) 727-8230
http://www.richardpaulcpa.com/,Results,"842 Hartford Ave., White River Junction, VT 05001",White River Junction,VT,(802) 698-0332
http://www.labargeaccounting.com/,Results,"842 Hartford Ave., White River Junction, VT 05001",White River Junction,VT,(802) 698-0336
https://cara-tax.com/,Results,,Lebanon,NH,(603) 727-8230
https://buttonservices.com/,Results,"1011 N Main St Suite 28, White River Junction, VT 05001",White River Junction,VT,(802) 404-5060
http://arissolutions.org/,Results,"72 S Main St, White River Junction, VT 05001",White River Junction,VT,(802) 280-1911
https://www.drm.com/,Results,"67 Etna Rd Suite 300, Lebanon, NH 03766",Lebanon,NH,(603) 448-2211
https://lebanonnh.gov/732/Pay-Your-Bill-Online,Results,"51 N Park St, Lebanon, NH 03766",Lebanon,NH,(603) 448-1720
https://www.libertytax.com/12177,Results,"75 Main St, West Lebanon, NH 03784",West Lebanon,NH,(603) 298-7077
http://cara-tax.com/,Results,,Lebanon,NH,(603) 727-8230
